Workbook

Sheet Integrated Data Set
A1: Combined Key | B1: State | C1: Year | D1: Total population | E1: Male Total population | F1: Female Total population | G1: % Female population | H1: Population <5 years | I1: Population 5 to 14 years | J1: Population 15 to 24 years | K1: Population 25 to 34 years | L1: Population 35 to 44 years | M1: Population 45 to 54 years | N1: Population 55 to 64 years | O1: Population 65 to 74 years | P1: Population 75 to 84 years | Q1: Population 85+ years | R1: % of population 85+ | S1: Flu Deaths <5 years old | T1: Flu Deaths 15 to 24 years | U1: Flu Deaths 25 to 34 years | V1: Flu Deaths 35 to 44 years | W1: Flu Deaths 45 to 54 years | X1: Flu Deaths 5 to 14 years | Y1: Flu Deaths 55 to 64 years | Z1: Flu Deaths 65 to 74 years | AA1: Flu Deaths 75 to 84 years | AB1: Flu Deaths 85+ years | AC1: Flu Deaths Not Stated | AD1: Total Flu Deaths | AE1: Mort % <5 years | AF1: Mort % 5 to 14 years | AG1: Mort % 15 to 24 years | AH1: Mort % 25 to 34 years | AI1: Mort % 35 to 44 years | AJ1: Mort % 45 to 54 years | AK1: Mort % 55 to 64 years | AL1: Mort % 65 to 74 years | AM1: Mort % 75 to 84 years | AN1: Mort % 85+ years | AO1: Total Mort %
A2: Alaska, 2009 | B2: Alaska | C2: 2009 | D2: 683142 | E2: 355087 | F2: 328057 | G2: =Integrated[[#This Row],[Female Total population]]/Integrated[[#This Row],[Total population]] -> 0.48021788 | H2: 51939 | I2: 98256 | J2: 113547 | K2: 96723 | L2: 95906 | M2: 106649 | N2: 71315 | O2: 30488 | P2: 14326 | Q2: 4652 | R2: =Integrated[[#This Row],[Population 85+ years]]/Integrated[[#This Row],[Total population]] -> 0.0068097116 | S2: 120 | T2: 60 | U2: 60 | V2: 60 | W2: 60 | X2: 60 | Y2: 60 | Z2: 60 | AA2: 60 | AB2: 60 | AC2: =VLOOKUP($A2,'[1]Flu Deaths Updated'!$A$2:$N$460,14,FALSE) -> 60 | AD2: =SUM(S2:AC2) -> 720 | AE2: =Integrated[[#This Row],[Flu Deaths <5 years old]]/Integrated[[#This Row],[Population <5 years]] -> 0.0023104026 | AF2: =Integrated[[#This Row],[Flu Deaths 5 to 14 years]]/Integrated[[#This Row],[Population 5 to 14 years]] -> 0.00061064973 | AG2: =Integrated[[#This Row],[Flu Deaths 15 to 24 years]]/Integrated[[#This Row],[Population 15 to 24 years]] -> 0.00052841555 | AH2: =Integrated[[#This Row],[Flu Deaths 25 to 34 years]]/Integrated[[#This Row],[Population 25 to 34 years]] -> 0.00062032815 | AI2: =Integrated[[#This Row],[Flu Deaths 35 to 44 years]]/Integrated[[#This Row],[Population 35 to 44 years]] -> 0.00062561258 | AJ2: =Integrated[[#This Row],[Flu Deaths 45 to 54 years]]/Integrated[[#This Row],[Population 45 to 54 years]] -> 0.00056259318 | AK2: =Integrated[[#This Row],[Flu Deaths 55 to 64 years]]/Integrated[[#This Row],[Population 55 to 64 years]] -> 0.00084133773 | AL2: =Integrated[[#This Row],[Flu Deaths 65 to 74 years]]/Integrated[[#This Row],[Population 65 to 74 years]] -> 0.0019679874 | AM2: =Integrated[[#This Row],[Flu Deaths 75 to 84 years]]/Integrated[[#This Row],[Population 75 to 84 years]] -> 0.0041881893 | AN2: =Integrated[[#This Row],[Flu Deaths 85+ years]]/Integrated[[#This Row],[Population 85+ years]] -> 0.012897678 | AO2: =Integrated[[#This Row],[Total Flu Deaths]]/Integrated[[#This Row],[Total population]] -> 0.0010539536
A3: Alaska, 2010 | B3: Alaska | C3: 2010 | D3: 673832 | E3: 348803 | F3: 325030 | G3: =Integrated[[#This Row],[Female Total population]]/Integrated[[#This Row],[Total population]] -> 0.48236059 | H3: 50130 | I3: 98238 | J3: 106642 | K3: 91616 | L3: 93645 | M3: 107057 | N3: 76380 | O3: 31745 | P3: 14312 | Q3: 4435 | R3: =Integrated[[#This Row],[Population 85+ years]]/Integrated[[#This Row],[Total population]] -> 0.0065817593 | S3: 120 | T3: 60 | U3: 60 | V3: 60 | W3: 60 | X3: 60 | Y3: 60 | Z3: 60 | AA3: 60 | AB3: 60 | AC3: =VLOOKUP($A3,'[1]Flu Deaths Updated'!$A$2:$N$460,14,FALSE) -> 60 | AD3: =SUM(S3:AC3) -> 720 | AE3: =Integrated[[#This Row],[Flu Deaths <5 years old]]/Integrated[[#This Row],[Population <5 years]] -> 0.0023937762 | AF3: =Integrated[[#This Row],[Flu Deaths 5 to 14 years]]/Integrated[[#This Row],[Population 5 to 14 years]] -> 0.00061076162 | AG3: =Integrated[[#This Row],[Flu Deaths 15 to 24 years]]/Integrated[[#This Row],[Population 15 to 24 years]] -> 0.00056263011 | AH3: =Integrated[[#This Row],[Flu Deaths 25 to 34 years]]/Integrated[[#This Row],[Population 25 to 34 years]] -> 0.00065490744 | AI3: =Integrated[[#This Row],[Flu Deaths 35 to 44 years]]/Integrated[[#This Row],[Population 35 to 44 years]] -> 0.0006407176 | AJ3: =Integrated[[#This Row],[Flu Deaths 45 to 54 years]]/Integrated[[#This Row],[Population 45 to 54 years]] -> 0.00056044911 | AK3: =Integrated[[#This Row],[Flu Deaths 55 to 64 years]]/Integrated[[#This Row],[Population 55 to 64 years]] -> 0.00078554595 | AL3: =Integrated[[#This Row],[Flu Deaths 65 to 74 years]]/Integrated[[#This Row],[Population 65 to 74 years]] -> 0.0018900614 | AM3: =Integrated[[#This Row],[Flu Deaths 75 to 84 years]]/Integrated[[#This Row],[Population 75 to 84 years]] -> 0.0041922862 | AN3: =Integrated[[#This Row],[Flu Deaths 85+ years]]/Integrated[[#This Row],[Population 85+ years]] -> 0.013528749 | AO3: =Integrated[[#This Row],[Total Flu Deaths]]/Integrated[[#This Row],[Total population]] -> 0.0010685156
A4: Alaska, 2011 | B4: Alaska | C4: 2011 | D4: 665600 | E4: 343110 | F4: 322492 | G4: =Integrated[[#This Row],[Female Total population]]/Integrated[[#This Row],[Total population]] -> 0.48451322 | H4: 49429 | I4: 95742 | J4: 102110 | K4: 93488 | L4: 89963 | M4: 104787 | N4: 78793 | O4: 32597 | P4: 14869 | Q4: 4236 | R4: =Integrated[[#This Row],[Population 85+ years]]/Integrated[[#This Row],[Total population]] -> 0.0063641827 | S4: 120 | T4: 60 | U4: 60 | V4: 60 | W4: 60 | X4: 60 | Y4: 60 | Z4: 60 | AA4: 60 | AB4: 60 | AC4: =VLOOKUP($A4,'[1]Flu Deaths Updated'!$A$2:$N$460,14,FALSE) -> 60 | AD4: =SUM(S4:AC4) -> 720 | AE4: =Integrated[[#This Row],[Flu Deaths <5 years old]]/Integrated[[#This Row],[Population <5 years]] -> 0.0024277246 | AF4: =Integrated[[#This Row],[Flu Deaths 5 to 14 years]]/Integrated[[#This Row],[Population 5 to 14 years]] -> 0.00062668421 | AG4: =Integrated[[#This Row],[Flu Deaths 15 to 24 years]]/Integrated[[#This Row],[Population 15 to 24 years]] -> 0.00058760161 | AH4: =Integrated[[#This Row],[Flu Deaths 25 to 34 years]]/Integrated[[#This Row],[Population 25 to 34 years]] -> 0.0006417936 | AI4: =Integrated[[#This Row],[Flu Deaths 35 to 44 years]]/Integrated[[#This Row],[Population 35 to 44 years]] -> 0.00066694085 | AJ4: =Integrated[[#This Row],[Flu Deaths 45 to 54 years]]/Integrated[[#This Row],[Population 45 to 54 years]] -> 0.00057259011 | AK4: =Integrated[[#This Row],[Flu Deaths 55 to 64 years]]/Integrated[[#This Row],[Population 55 to 64 years]] -> 0.00076148896 | AL4: =Integrated[[#This Row],[Flu Deaths 65 to 74 years]]/Integrated[[#This Row],[Population 65 to 74 years]] -> 0.0018406602 | AM4: =Integrated[[#This Row],[Flu Deaths 75 to 84 years]]/Integrated[[#This Row],[Population 75 to 84 years]] -> 0.0040352411 | AN4: =Integrated[[#This Row],[Flu Deaths 85+ years]]/Integrated[[#This Row],[Population 85+ years]] -> 0.014164306 | AO4: =Integrated[[#This Row],[Total Flu Deaths]]/Integrated[[#This Row],[Total population]] -> 0.0010817308
A5: Alaska, 2012 | B5: Alaska | C5: 2012 | D5: 664838 | E5: 345178 | F5: 319661 | G5: =Integrated[[#This Row],[Female Total population]]/Integrated[[#This Row],[Total population]] -> 0.48081036 | H5: 49866 | I5: 94647 | J5: 101881 | K5: 96545 | L5: 87796 | M5: 101965 | N5: 80609 | O5: 33154 | P5: 14292 | Q5: 4336 | R5: =Integrated[[#This Row],[Population 85+ years]]/Integrated[[#This Row],[Total population]] -> 0.0065218895 | S5: 120 | T5: 60 | U5: 60 | V5: 60 | W5: 60 | X5: 60 | Y5: 60 | Z5: 60 | AA5: 60 | AB5: 60 | AC5: =VLOOKUP($A5,'[1]Flu Deaths Updated'!$A$2:$N$460,14,FALSE) -> 60 | AD5: =SUM(S5:AC5) -> 720 | AE5: =Integrated[[#This Row],[Flu Deaths <5 years old]]/Integrated[[#This Row],[Population <5 years]] -> 0.0024064493 | AF5: =Integrated[[#This Row],[Flu Deaths 5 to 14 years]]/Integrated[[#This Row],[Population 5 to 14 years]] -> 0.00063393451 | AG5: =Integrated[[#This Row],[Flu Deaths 15 to 24 years]]/Integrated[[#This Row],[Population 15 to 24 years]] -> 0.00058892237 | AH5: =Integrated[[#This Row],[Flu Deaths 25 to 34 years]]/Integrated[[#This Row],[Population 25 to 34 years]] -> 0.00062147185 | AI5: =Integrated[[#This Row],[Flu Deaths 35 to 44 years]]/Integrated[[#This Row],[Population 35 to 44 years]] -> 0.00068340243 | AJ5: =Integrated[[#This Row],[Flu Deaths 45 to 54 years]]/Integrated[[#This Row],[Population 45 to 54 years]] -> 0.00058843721 | AK5: =Integrated[[#This Row],[Flu Deaths 55 to 64 years]]/Integrated[[#This Row],[Population 55 to 64 years]] -> 0.00074433376 | AL5: =Integrated[[#This Row],[Flu Deaths 65 to 74 years]]/Integrated[[#This Row],[Population 65 to 74 years]] -> 0.0018097364 | AM5: =Integrated[[#This Row],[Flu Deaths 75 to 84 years]]/Integrated[[#This Row],[Population 75 to 84 years]] -> 0.0041981528 | AN5: =Integrated[[#This Row],[Flu Deaths 85+ years]]/Integrated[[#This Row],[Population 85+ years]] -> 0.013837638 | AO5: =Integrated[[#This Row],[Total Flu Deaths]]/Integrated[[#This Row],[Total population]] -> 0.0010829706
A6: Alaska, 2013 | B6: Alaska | C6: 2013 | D6: 689833 | E6: 357648 | F6: 332185 | G6: =Integrated[[#This Row],[Female Total population]]/Integrated[[#This Row],[Total population]] -> 0.48154408 | H6: 51349 | I6: 97014 | J6: 104263 | K6: 102697 | L6: 88283 | M6: 101931 | N6: 86047 | O6: 37587 | P6: 15562 | Q6: 5165 | R6: =Integrated[[#This Row],[Population 85+ years]]/Integrated[[#This Row],[Total population]] -> 0.0074873194 | S6: 120 | T6: 60 | U6: 60 | V6: 60 | W6: 60 | X6: 60 | Y6: 60 | Z6: 60 | AA6: 60 | AB6: 60 | AC6: =VLOOKUP($A6,'[1]Flu Deaths Updated'!$A$2:$N$460,14,FALSE) -> 60 | AD6: =SUM(S6:AC6) -> 720 | AE6: =Integrated[[#This Row],[Flu Deaths <5 years old]]/Integrated[[#This Row],[Population <5 years]] -> 0.0023369491 | AF6: =Integrated[[#This Row],[Flu Deaths 5 to 14 years]]/Integrated[[#This Row],[Population 5 to 14 years]] -> 0.00061846744 | AG6: =Integrated[[#This Row],[Flu Deaths 15 to 24 years]]/Integrated[[#This Row],[Population 15 to 24 years]] -> 0.00057546781 | AH6: =Integrated[[#This Row],[Flu Deaths 25 to 34 years]]/Integrated[[#This Row],[Population 25 to 34 years]] -> 0.00058424297 | AI6: =Integrated[[#This Row],[Flu Deaths 35 to 44 years]]/Integrated[[#This Row],[Population 35 to 44 years]] -> 0.00067963255 | AJ6: =Integrated[[#This Row],[Flu Deaths 45 to 54 years]]/Integrated[[#This Row],[Population 45 to 54 years]] -> 0.00058863349 | AK6: =Integrated[[#This Row],[Flu Deaths 55 to 64 years]]/Integrated[[#This Row],[Population 55 to 64 years]] -> 0.00069729334 | AL6: =Integrated[[#This Row],[Flu Deaths 65 to 74 years]]/Integrated[[#This Row],[Population 65 to 74 years]] -> 0.0015962966 | AM6: =Integrated[[#This Row],[Flu Deaths 75 to 84 years]]/Integrated[[#This Row],[Population 75 to 84 years]] -> 0.0038555456 | AN6: =Integrated[[#This Row],[Flu Deaths 85+ years]]/Integrated[[#This Row],[Population 85+ years]] -> 0.011616651 | AO6: =Integrated[[#This Row],[Total Flu Deaths]]/Integrated[[#This Row],[Total population]] -> 0.0010437309
A7: Alaska, 2014 | B7: Alaska | C7: 2014 | D7: 627310 | E7: 325965 | F7: 301347 | G7: =Integrated[[#This Row],[Female Total population]]/Integrated[[#This Row],[Total population]] -> 0.48037972 | H7: 46241 | I7: 87194 | J7: 95875 | K7: 97717 | L7: 80310 | M7: 89161 | N7: 76618 | O7: 35238 | P7: 14398 | Q7: 5102 | R7: =Integrated[[#This Row],[Population 85+ years]]/Integrated[[#This Row],[Total population]] -> 0.0081331399 | S7: 120 | T7: 60 | U7: 60 | V7: 60 | W7: 60 | X7: 60 | Y7: 60 | Z7: 60 | AA7: 60 | AB7: 60 | AC7: =VLOOKUP($A7,'[1]Flu Deaths Updated'!$A$2:$N$460,14,FALSE) -> 60 | AD7: =SUM(S7:AC7) -> 720 | AE7: =Integrated[[#This Row],[Flu Deaths <5 years old]]/Integrated[[#This Row],[Population <5 years]] -> 0.0025950996 | AF7: =Integrated[[#This Row],[Flu Deaths 5 to 14 years]]/Integrated[[#This Row],[Population 5 to 14 years]] -> 0.00068812074 | AG7: =Integrated[[#This Row],[Flu Deaths 15 to 24 years]]/Integrated[[#This Row],[Population 15 to 24 years]] -> 0.00062581486 | AH7: =Integrated[[#This Row],[Flu Deaths 25 to 34 years]]/Integrated[[#This Row],[Population 25 to 34 years]] -> 0.00061401803 | AI7: =Integrated[[#This Row],[Flu Deaths 35 to 44 years]]/Integrated[[#This Row],[Population 35 to 44 years]] -> 0.00074710497 | AJ7: =Integrated[[#This Row],[Flu Deaths 45 to 54 years]]/Integrated[[#This Row],[Population 45 to 54 years]] -> 0.00067293996 | AK7: =Integrated[[#This Row],[Flu Deaths 55 to 64 years]]/Integrated[[#This Row],[Population 55 to 64 years]] -> 0.0007831058 | AL7: =Integrated[[#This Row],[Flu Deaths 65 to 74 years]]/Integrated[[#This Row],[Population 65 to 74 years]] -> 0.0017027073 | AM7: =Integrated[[#This Row],[Flu Deaths 75 to 84 years]]/Integrated[[#This Row],[Population 75 to 84 years]] -> 0.0041672455 | AN7: =Integrated[[#This Row],[Flu Deaths 85+ years]]/Integrated[[#This Row],[Population 85+ years]] -> 0.011760094 | AO7: =Integrated[[#This Row],[Total Flu Deaths]]/Integrated[[#This Row],[Total population]] -> 0.0011477579
A8: Alaska, 2015 | B8: Alaska | C8: 2015 | D8: 679711 | E8: 354562 | F8: 325151 | G8: =Integrated[[#This Row],[Female Total population]]/Integrated[[#This Row],[Total population]] -> 0.47836654 | H8: 49731 | I8: 93244 | J8: 102792 | K8: 105399 | L8: 84633 | M8: 93314 | N8: 85862 | O8: 42097 | P8: 16934 | Q8: 5948 | R8: =Integrated[[#This Row],[Population 85+ years]]/Integrated[[#This Row],[Total population]] -> 0.0087507779 | S8: 120 | T8: 60 | U8: 60 | V8: 60 | W8: 60 | X8: 60 | Y8: 60 | Z8: 60 | AA8: 60 | AB8: 60 | AC8: =VLOOKUP($A8,'[1]Flu Deaths Updated'!$A$2:$N$460,14,FALSE) -> 60 | AD8: =SUM(S8:AC8) -> 720 | AE8: =Integrated[[#This Row],[Flu Deaths <5 years old]]/Integrated[[#This Row],[Population <5 years]] -> 0.0024129818 | AF8: =Integrated[[#This Row],[Flu Deaths 5 to 14 years]]/Integrated[[#This Row],[Population 5 to 14 years]] -> 0.00064347304 | AG8: =Integrated[[#This Row],[Flu Deaths 15 to 24 years]]/Integrated[[#This Row],[Population 15 to 24 years]] -> 0.00058370301 | AH8: =Integrated[[#This Row],[Flu Deaths 25 to 34 years]]/Integrated[[#This Row],[Population 25 to 34 years]] -> 0.00056926536 | AI8: =Integrated[[#This Row],[Flu Deaths 35 to 44 years]]/Integrated[[#This Row],[Population 35 to 44 years]] -> 0.00070894332 | AJ8: =Integrated[[#This Row],[Flu Deaths 45 to 54 years]]/Integrated[[#This Row],[Population 45 to 54 years]] -> 0.00064299033 | AK8: =Integrated[[#This Row],[Flu Deaths 55 to 64 years]]/Integrated[[#This Row],[Population 55 to 64 years]] -> 0.00069879574 | AL8: =Integrated[[#This Row],[Flu Deaths 65 to 74 years]]/Integrated[[#This Row],[Population 65 to 74 years]] -> 0.0014252797 | AM8: =Integrated[[#This Row],[Flu Deaths 75 to 84 years]]/Integrated[[#This Row],[Population 75 to 84 years]] -> 0.0035431676 | AN8: =Integrated[[#This Row],[Flu Deaths 85+ years]]/Integrated[[#This Row],[Population 85+ years]] -> 0.010087424 | AO8: =Integrated[[#This Row],[Total Flu Deaths]]/Integrated[[#This Row],[Total population]] -> 0.0010592737
A9: Alaska, 2016 | B9: Alaska | C9: 2016 | D9: 699838 | E9: 363220 | F9: 336619 | G9: =Integrated[[#This Row],[Female Total population]]/Integrated[[#This Row],[Total population]] -> 0.4809956 | H9: 50421 | I9: 95964 | J9: 102330 | K9: 108065 | L9: 87165 | M9: 93989 | N9: 90527 | O9: 46599 | P9: 17664 | Q9: 6814 | R9: =Integrated[[#This Row],[Population 85+ years]]/Integrated[[#This Row],[Total population]] -> 0.009736539 | S9: 120 | T9: 60 | U9: 60 | V9: 60 | W9: 60 | X9: 60 | Y9: 60 | Z9: 60 | AA9: 60 | AB9: 60 | AC9: =VLOOKUP($A9,'[1]Flu Deaths Updated'!$A$2:$N$460,14,FALSE) -> 60 | AD9: =SUM(S9:AC9) -> 720 | AE9: =Integrated[[#This Row],[Flu Deaths <5 years old]]/Integrated[[#This Row],[Population <5 years]] -> 0.0023799607 | AF9: =Integrated[[#This Row],[Flu Deaths 5 to 14 years]]/Integrated[[#This Row],[Population 5 to 14 years]] -> 0.00062523446 | AG9: =Integrated[[#This Row],[Flu Deaths 15 to 24 years]]/Integrated[[#This Row],[Population 15 to 24 years]] -> 0.00058633832 | AH9: =Integrated[[#This Row],[Flu Deaths 25 to 34 years]]/Integrated[[#This Row],[Population 25 to 34 years]] -> 0.00055522139 | AI9: =Integrated[[#This Row],[Flu Deaths 35 to 44 years]]/Integrated[[#This Row],[Population 35 to 44 years]] -> 0.00068834968 | AJ9: =Integrated[[#This Row],[Flu Deaths 45 to 54 years]]/Integrated[[#This Row],[Population 45 to 54 years]] -> 0.00063837258 | AK9: =Integrated[[#This Row],[Flu Deaths 55 to 64 years]]/Integrated[[#This Row],[Population 55 to 64 years]] -> 0.00066278569 | AL9: =Integrated[[#This Row],[Flu Deaths 65 to 74 years]]/Integrated[[#This Row],[Population 65 to 74 years]] -> 0.0012875813 | AM9: =Integrated[[#This Row],[Flu Deaths 75 to 84 years]]/Integrated[[#This Row],[Population 75 to 84 years]] -> 0.0033967391 | AN9: =Integrated[[#This Row],[Flu Deaths 85+ years]]/Integrated[[#This Row],[Population 85+ years]] -> 0.0088054006 | AO9: =Integrated[[#This Row],[Total Flu Deaths]]/Integrated[[#This Row],[Total population]] -> 0.0010288095
A10: Alaska, 2017 | B10: Alaska | C10: 2017 | D10: 696506 | E10: 362204 | F10: 334305 | G10: =Integrated[[#This Row],[Female Total population]]/Integrated[[#This Row],[Total population]] -> 0.47997433 | H10: 50809 | I10: 95209 | J10: 100787 | K10: 110577 | L10: 87120 | M10: 89904 | N10: 88731 | O10: 48975 | P10: 18135 | Q10: 6285 | R10: =Integrated[[#This Row],[Population 85+ years]]/Integrated[[#This Row],[Total population]] -> 0.0090236121 | S10: 120 | T10: 60 | U10: 60 | V10: 60 | W10: 60 | X10: 60 | Y10: 60 | Z10: 60 | AA10: 60 | AB10: 60 | AC10: =VLOOKUP($A10,'[1]Flu Deaths Updated'!$A$2:$N$460,14,FALSE) -> 60 | AD10: =SUM(S10:AC10) -> 720 | AE10: =Integrated[[#This Row],[Flu Deaths <5 years old]]/Integrated[[#This Row],[Population <5 years]] -> 0.0023617863 | AF10: =Integrated[[#This Row],[Flu Deaths 5 to 14 years]]/Integrated[[#This Row],[Population 5 to 14 years]] -> 0.00063019252 | AG10: =Integrated[[#This Row],[Flu Deaths 15 to 24 years]]/Integrated[[#This Row],[Population 15 to 24 years]] -> 0.00059531487 | AH10: =Integrated[[#This Row],[Flu Deaths 25 to 34 years]]/Integrated[[#This Row],[Population 25 to 34 years]] -> 0.00054260832 | AI10: =Integrated[[#This Row],[Flu Deaths 35 to 44 years]]/Integrated[[#This Row],[Population 35 to 44 years]] -> 0.00068870523 | AJ10: =Integrated[[#This Row],[Flu Deaths 45 to 54 years]]/Integrated[[#This Row],[Population 45 to 54 years]] -> 0.00066737854 | AK10: =Integrated[[#This Row],[Flu Deaths 55 to 64 years]]/Integrated[[#This Row],[Population 55 to 64 years]] -> 0.0006762011 | AL10: =Integrated[[#This Row],[Flu Deaths 65 to 74 years]]/Integrated[[#This Row],[Population 65 to 74 years]] -> 0.0012251149 | AM10: =Integrated[[#This Row],[Flu Deaths 75 to 84 years]]/Integrated[[#This Row],[Population 75 to 84 years]] -> 0.0033085194 | AN10: =Integrated[[#This Row],[Flu Deaths 85+ years]]/Integrated[[#This Row],[Population 85+ years]] -> 0.0095465394 | AO10: =Integrated[[#This Row],[Total Flu Deaths]]/Integrated[[#This Row],[Total population]] -> 0.0010337312
A11: Delaware, 2009 | B11: Delaware | C11: 2009 | D11: 863832 | E11: 419541 | F11: 444291 | G11: =Integrated[[#This Row],[Female Total population]]/Integrated[[#This Row],[Total population]] -> 0.5143257 | H11: 58272 | I11: 111169 | J11: 117966 | K11: 112329 | L11: 121308 | M11: 125078 | N11: 99142 | O11: 63096 | P11: 40565 | Q11: 15492 | R11: =Integrated[[#This Row],[Population 85+ years]]/Integrated[[#This Row],[Total population]] -> 0.017934043 | S11: 120 | T11: 60 | U11: 60 | V11: 60 | W11: 60 | X11: 60 | Y11: 60 | Z11: 60 | AA11: 60 | AB11: 60 | AC11: =VLOOKUP($A11,'[1]Flu Deaths Updated'!$A$2:$N$460,14,FALSE) -> 60 | AD11: =SUM(S11:AC11) -> 720 | AE11: =Integrated[[#This Row],[Flu Deaths <5 years old]]/Integrated[[#This Row],[Population <5 years]] -> 0.0020593081 | AF11: =Integrated[[#This Row],[Flu Deaths 5 to 14 years]]/Integrated[[#This Row],[Population 5 to 14 years]] -> 0.00053971881 | AG11: =Integrated[[#This Row],[Flu Deaths 15 to 24 years]]/Integrated[[#This Row],[Population 15 to 24 years]] -> 0.00050862113 | AH11: =Integrated[[#This Row],[Flu Deaths 25 to 34 years]]/Integrated[[#This Row],[Population 25 to 34 years]] -> 0.00053414523 | AI11: =Integrated[[#This Row],[Flu Deaths 35 to 44 years]]/Integrated[[#This Row],[Population 35 to 44 years]] -> 0.00049460876 | AJ11: =Integrated[[#This Row],[Flu Deaths 45 to 54 years]]/Integrated[[#This Row],[Population 45 to 54 years]] -> 0.00047970067 | AK11: =Integrated[[#This Row],[Flu Deaths 55 to 64 years]]/Integrated[[#This Row],[Population 55 to 64 years]] -> 0.00060519255 | AL11: =Integrated[[#This Row],[Flu Deaths 65 to 74 years]]/Integrated[[#This Row],[Population 65 to 74 years]] -> 0.00095093191 | AM11: =Integrated[[#This Row],[Flu Deaths 75 to 84 years]]/Integrated[[#This Row],[Population 75 to 84 years]] -> 0.0014791076 | AN11: =Integrated[[#This Row],[Flu Deaths 85+ years]]/Integrated[[#This Row],[Population 85+ years]] -> 0.0038729667 | AO11: =Integrated[[#This Row],[Total Flu Deaths]]/Integrated[[#This Row],[Total population]] -> 0.0008334954
A12: Delaware, 2011 | B12: Delaware | C12: 2011 | D12: 890856 | E12: 432225 | F12: 458631 | G12: =Integrated[[#This Row],[Female Total population]]/Integrated[[#This Row],[Total population]] -> 0.51482058 | H12: 55771 | I12: 112327 | J12: 126175 | K12: 110712 | L12: 117920 | M12: 131756 | N12: 108789 | O12: 70362 | P12: 40074 | Q12: 16153 | R12: =Integrated[[#This Row],[Population 85+ years]]/Integrated[[#This Row],[Total population]] -> 0.018131999 | S12: 120 | T12: 60 | U12: 60 | V12: 60 | W12: 60 | X12: 60 | Y12: 60 | Z12: 60 | AA12: 60 | AB12: 60 | AC12: =VLOOKUP($A12,'[1]Flu Deaths Updated'!$A$2:$N$460,14,FALSE) -> 60 | AD12: =SUM(S12:AC12) -> 720 | AE12: =Integrated[[#This Row],[Flu Deaths <5 years old]]/Integrated[[#This Row],[Population <5 years]] -> 0.0021516559 | AF12: =Integrated[[#This Row],[Flu Deaths 5 to 14 years]]/Integrated[[#This Row],[Population 5 to 14 years]] -> 0.00053415474 | AG12: =Integrated[[#This Row],[Flu Deaths 15 to 24 years]]/Integrated[[#This Row],[Population 15 to 24 years]] -> 0.00047553002 | AH12: =Integrated[[#This Row],[Flu Deaths 25 to 34 years]]/Integrated[[#This Row],[Population 25 to 34 years]] -> 0.00054194667 | AI12: =Integrated[[#This Row],[Flu Deaths 35 to 44 years]]/Integrated[[#This Row],[Population 35 to 44 years]] -> 0.00050881954 | AJ12: =Integrated[[#This Row],[Flu Deaths 45 to 54 years]]/Integrated[[#This Row],[Population 45 to 54 years]] -> 0.00045538723 | AK12: =Integrated[[#This Row],[Flu Deaths 55 to 64 years]]/Integrated[[#This Row],[Population 55 to 64 years]] -> 0.00055152635 | AL12: =Integrated[[#This Row],[Flu Deaths 65 to 74 years]]/Integrated[[#This Row],[Population 65 to 74 years]] -> 0.00085273301 | AM12: =Integrated[[#This Row],[Flu Deaths 75 to 84 years]]/Integrated[[#This Row],[Population 75 to 84 years]] -> 0.0014972301 | AN12: =Integrated[[#This Row],[Flu Deaths 85+ years]]/Integrated[[#This Row],[Population 85+ years]] -> 0.0037144803 | AO12: =Integrated[[#This Row],[Total Flu Deaths]]/Integrated[[#This Row],[Total population]] -> 0.00080821143
A13: Delaware, 2016 | B13: Delaware | C13: 2016 | D13: 934695 | E13: 452416 | F13: 482279 | G13: =Integrated[[#This Row],[Female Total population]]/Integrated[[#This Row],[Total population]] -> 0.51597473 | H13: 55713 | I13: 114491 | J13: 124334 | K13: 122264 | L13: 110397 | M13: 129755 | N13: 124608 | O13: 90857 | P13: 44846 | Q13: 17961 | R13: =Integrated[[#This Row],[Population 85+ years]]/Integrated[[#This Row],[Total population]] -> 0.019215894 | S13: 120 | T13: 60 | U13: 60 | V13: 60 | W13: 60 | X13: 60 | Y13: 60 | Z13: 60 | AA13: 60 | AB13: 60 | AC13: =VLOOKUP($A13,'[1]Flu Deaths Updated'!$A$2:$N$460,14,FALSE) -> 60 | AD13: =SUM(S13:AC13) -> 720 | AE13: =Integrated[[#This Row],[Flu Deaths <5 years old]]/Integrated[[#This Row],[Population <5 years]] -> 0.0021538959 | AF13: =Integrated[[#This Row],[Flu Deaths 5 to 14 years]]/Integrated[[#This Row],[Population 5 to 14 years]] -> 0.00052405866 | AG13: =Integrated[[#This Row],[Flu Deaths 15 to 24 years]]/Integrated[[#This Row],[Population 15 to 24 years]] -> 0.00048257114 | AH13: =Integrated[[#This Row],[Flu Deaths 25 to 34 years]]/Integrated[[#This Row],[Population 25 to 34 years]] -> 0.00049074135 | AI13: =Integrated[[#This Row],[Flu Deaths 35 to 44 years]]/Integrated[[#This Row],[Population 35 to 44 years]] -> 0.00054349303 | AJ13: =Integrated[[#This Row],[Flu Deaths 45 to 54 years]]/Integrated[[#This Row],[Population 45 to 54 years]] -> 0.00046240993 | AK13: =Integrated[[#This Row],[Flu Deaths 55 to 64 years]]/Integrated[[#This Row],[Population 55 to 64 years]] -> 0.00048151002 | AL13: =Integrated[[#This Row],[Flu Deaths 65 to 74 years]]/Integrated[[#This Row],[Population 65 to 74 years]] -> 0.0006603784 | AM13: =Integrated[[#This Row],[Flu Deaths 75 to 84 years]]/Integrated[[#This Row],[Population 75 to 84 years]] -> 0.001337912 | AN13: =Integrated[[#This Row],[Flu Deaths 85+ years]]/Integrated[[#This Row],[Population 85+ years]] -> 0.0033405712 | AO13: =Integrated[[#This Row],[Total Flu Deaths]]/Integrated[[#This Row],[Total population]] -> 0.00077030475
... A460: California, 2013 | B460: California | C460: 2013 | D460: 37571998 | E460: 18682616 | F460: 18889383 | G460: =Integrated[[#This Row],[Female Total population]]/Integrated[[#This Row],[Total population]] -> 0.50275162 | H460: 2520277 | I460: 5074157 | J460: 5593870 | K460: 5414010 | L460: 5164124 | M460: 5226244 | N460: 4171196 | O460: 2418552 | P460: 1390879 | Q460: 626696 | R460: =Integrated[[#This Row],[Population 85+ years]]/Integrated[[#This Row],[Total population]] -> 0.016679869 | S460: 120 | T460: 60 | U460: 66 | V460: 72 | W460: 179 | X460: 60 | Y460: 501 | Z460: 828 | AA460: 1602 | AB460: 3264 | AC460: =VLOOKUP($A460,'[1]Flu Deaths Updated'!$A$2:$N$460,14,FALSE) -> 60 | AD460: =SUM(S460:AC460) -> 6812 | AE460: =Integrated[[#This Row],[Flu Deaths <5 years old]]/Integrated[[#This Row],[Population <5 years]] -> 4.7613814e-05 | AF460: =Integrated[[#This Row],[Flu Deaths 5 to 14 years]]/Integrated[[#This Row],[Population 5 to 14 years]] -> 1.1824624e-05 | AG460: =Integrated[[#This Row],[Flu Deaths 15 to 24 years]]/Integrated[[#This Row],[Population 15 to 24 years]] -> 1.0726027e-05 | AH460: =Integrated[[#This Row],[Flu Deaths 25 to 34 years]]/Integrated[[#This Row],[Population 25 to 34 years]] -> 1.2190594e-05 | AI460: =Integrated[[#This Row],[Flu Deaths 35 to 44 years]]/Integrated[[#This Row],[Population 35 to 44 years]] -> 1.3942345e-05 | AJ460: =Integrated[[#This Row],[Flu Deaths 45 to 54 years]]/Integrated[[#This Row],[Population 45 to 54 years]] -> 3.4250219e-05 | AK460: =Integrated[[#This Row],[Flu Deaths 55 to 64 years]]/Integrated[[#This Row],[Population 55 to 64 years]] -> 0.00012010944 | AL460: =Integrated[[#This Row],[Flu Deaths 65 to 74 years]]/Integrated[[#This Row],[Population 65 to 74 years]] -> 0.00034235361 | AM460: =Integrated[[#This Row],[Flu Deaths 75 to 84 years]]/Integrated[[#This Row],[Population 75 to 84 years]] -> 0.0011517896 | AN460: =Integrated[[#This Row],[Flu Deaths 85+ years]]/Integrated[[#This Row],[Population 85+ years]] -> 0.0052082668 | AO460: =Integrated[[#This Row],[Total Flu Deaths]]/Integrated[[#This Row],[Total population]] -> 0.00018130524

Sheet Statistical Analysis
A1: Hypothesis: The population 85 years and older has a higher risk of death due to Influenza virus | C1: Data Spread
D2: Flu Deaths 85+ | E2: Population 85+ | F2: Total Population
A3: The Census and the Deaths for Flu are both Population Data sets. The U.S. population statistics come from decennial censuses, which count the entire U.S. population every ten years, and several other surveys. NCHS collects death certificate data from state vital statistics offices for all deaths in the United States. In this case, we are analyzing only the population over 85 years old, which is a "sample". | C3: Dataset name | D3: Integrated Data set | E3: Integrated Data set | F3: Integrated Data Set
C4: Sample or population | D4: Sample | E4: Sample | F4: Population
C5: Normal distribution | D5: Right-Skew | E5: Right-Skew | F5: Right-Skew
C6: Variance | D6: =('Flu Deaths 85+'!D6) -> 293325.7 | E6: =('Population 85+'!A4) -> 1.4972926e+10 | F6: =('Total Population'!A6) -> 4.6231614e+13
C7: Standard Deviation | D7: =('Flu Deaths 85+'!D7) -> 541.59552 | E7: =('Population 85+'!A5) -> 122363.91 | F7: =('Total Population'!A7) -> 6799383.3
A8: Normal Distribution can be positive (tail to right) where mean>median>mode, or negative (tail to left) where mean<median<mode. | C8: MEAN | D8: =('Flu Deaths 85+'!I5) -> 476.54466 | E8: =('Population 85+'!F3) -> 107962.09 | F8: =('Total Population'!F5) -> 5973990.8
C9: Outlier lower bound | D9: ='Flu Deaths 85+'!D13 -> -606.64637 | E9: ='Population 85+'!A11 -> -136765.73 | F9: ='Total Population'!A13 -> -7624775.8
A10: The outlier lower bound is below zero, which means we don’t have Low Outliers. | C10: Outlier upper bound | D10: ='Flu Deaths 85+'!D14 -> 1559.7357 | E10: ='Population 85+'!A12 -> 352689.9 | F10: ='Total Population'!A14 -> 19572757
A11: I have used the 2σ to identify Outliers. | C11: Outlier count | D11: =COUNTIF(StudyDataS[Flu Deaths 85+ years],_xlfn.CONCAT(">",D10)) -> 18 | E11: =COUNTIF(StudyDataS[Population 85+ years],_xlfn.CONCAT(">",E10)) -> 27 | F11: =COUNTIF(StudyDataS[Total population],_xlfn.CONCAT(">",F10)) -> 22
C12: Outlier percentage | D12: =D11/459 -> 0.039215686 | E12: =E11/459 -> 0.058823529 | F12: =F11/459 -> 0.047930283
A15: The correlation, identify and quantify the relationship between variables. | C15: Correlation
A16: Pearson's test is the correlation coefficient. Uses Z codes to standarize all variables. | C16: Variables | D16: Population 85+ and Flu Deaths 85+ | F16: Total Population and Total deaths
C17: Proposed relationship | D17: To test the relationship between population 85+ years and the total deaths on 85+ years | F17: To test the relationship between total population and total deaths due to influenza
C18: Correlation Coefficient | D18: =CORREL('Integrated Data Set'!Q2:Q460,'Integrated Data Set'!AB2:AB460) -> 0.94065365 | F18: =CORREL('Integrated Data Set'!D2:D460,'Integrated Data Set'!AD2:AD460) -> 0.95447341
C19: Strenght of correlation | D19: Strong Positive Correlation | F19: Strong Positive Correlation
C20: Usefulness/Interpretation | D20: As the population 85+ years increases, the deaths due to influenza for 85+ years people increases. | F20: As the total population increases, the total deaths increases.

Sheet Study Data Set 
A1: Combined Key | B1: State | C1: Year | D1: Total population | E1: Male Total population | F1: %Male Population | G1: Female Total population | H1: % Female population | I1: Population 85+ years | J1: % of population 85+ | K1: Flu Deaths 85+ years | L1: Total Flu Deaths | M1: Mort % <5 years | N1: Mort % 5 to 14 years | O1: Mort % 15 to 24 years | P1: Mort % 25 to 34 years | Q1: Mort % 35 to 44 years | R1: Mort % 45 to 54 years | S1: Mort % 55 to 64 years | T1: Mort % 65 to 74 years | U1: Mort % 75 to 84 years | V1: Mort % 85+ years | W1: Total Mort %
A2: Wyoming, 2016 | B2: Wyoming | C2: 2016 | D2: 490521 | E2: 248736 | F2: 0.50708532 | G2: 241786 | H2: 0.49291672 | I2: 8313 | J2: 0.016947287 | K2: 60 | L2: 720 | M2: 0.0036899234 | N2: 0.00088461652 | O2: 0.00094768764 | P2: 0.00090338317 | Q2: 0.0010084881 | R2: 0.0009585277 | S2: 0.00088363942 | T2: 0.0014452956 | U2: 0.0028601392 | V2: 0.007217611 | W2: 0.0014678271
A3: Wyoming, 2013 | B3: Wyoming | C3: 2013 | D3: 500216 | E3: 254360 | F3: 0.50850033 | G3: 245856 | H3: 0.49149967 | I3: 7753 | J3: 0.015499304 | K3: 67 | L3: 727 | M3: 0.003470214 | N3: 0.00090152357 | O3: 0.00084371572 | P3: 0.00086898589 | Q3: 0.0010037809 | R3: 0.00085490788 | S3: 0.00090195725 | T3: 0.0016784625 | U3: 0.0030610683 | V3: 0.0086418161 | W3: 0.0014533721
A4: Vermont, 2014 | B4: Vermont | C4: 2014 | D4: 501580 | E4: 247115 | F4: 0.49267315 | G4: 254465 | H4: 0.50732685 | I4: 9991 | J4: 0.019919056 | K4: 60 | L4: 720 | M4: 0.0047677699 | N4: 0.0010454419 | O4: 0.00083923126 | P4: 0.0010221639 | Q4: 0.00098809347 | R4: 0.00077795786 | S4: 0.00080508816 | T4: 0.0013802622 | U4: 0.0025452849 | V4: 0.0060054049 | W4: 0.0014354639
A5: Vermont, 2016 | B5: Vermont | C5: 2016 | D5: 501971 | E5: 246339 | F5: 0.49074349 | G5: 255633 | H5: 0.5092585 | I5: 11398 | J5: 0.022706491 | K5: 60 | L5: 720 | M5: 0.0049513121 | N5: 0.0011086884 | O5: 0.00080386929 | P5: 0.0010245552 | Q5: 0.0010543518 | R5: 0.00082233461 | S5: 0.00079288518 | T5: 0.0012186453 | U5: 0.002464673 | V5: 0.0052640814 | W5: 0.0014343458
A6: Wyoming, 2015 | B6: Wyoming | C6: 2015 | D6: 511039 | E6: 260462 | F6: 0.50967147 | G6: 250579 | H6: 0.49033244 | I6: 8173 | J6: 0.015992909 | K6: 60 | L6: 720 | M6: 0.003553555 | N6: 0.00087820729 | O6: 0.00083305565 | P6: 0.00084916075 | Q6: 0.00098069662 | R6: 0.00089808259 | S6: 0.00085455478 | T6: 0.0015007879 | U6: 0.002946376 | V6: 0.0073412456 | W6: 0.0014088944
A7: Wyoming, 2009 | B7: Wyoming | C7: 2009 | D7: 519426 | E7: 264260 | F7: 0.50875389 | G7: 255166 | H7: 0.49124611 | I7: 7891 | J7: 0.015191769 | K7: 65 | L7: 725 | M7: 0.0033582403 | N7: 0.00089485459 | O7: 0.00074596248 | P7: 0.00089442772 | Q7: 0.00093529329 | R7: 0.0007383434 | S7: 0.00097516578 | T7: 0.0017995861 | U7: 0.0028171659 | V7: 0.0082372323 | W7: 0.0013957715
A8: Wyoming, 2011 | B8: Wyoming | C8: 2011 | D8: 532428 | E8: 271072 | F8: 0.50912424 | G8: 261356 | H8: 0.49087576 | I8: 7875 | J8: 0.014790732 | K8: 72 | L8: 732 | M8: 0.0031448189 | N8: 0.00084703889 | O8: 0.00077760498 | P8: 0.00083645843 | Q8: 0.00094045361 | R8: 0.00075515393 | S8: 0.00089424109 | T8: 0.0016606238 | U8: 0.0028837835 | V8: 0.0091428571 | W8: 0.0013748338
A9: Vermont, 2013 | B9: Vermont | C9: 2013 | D9: 532969 | E9: 262885 | F9: 0.49324632 | G9: 270084 | H9: 0.50675368 | I9: 10489 | J9: 0.019680319 | K9: 60 | L9: 720 | M9: 0.0044513688 | N9: 0.00098465578 | O9: 0.00076744989 | P9: 0.00098934802 | Q9: 0.00091311692 | R9: 0.0007136655 | S9: 0.00077695047 | T9: 0.0013583265 | U9: 0.0024118664 | V9: 0.0057202784 | W9: 0.0013509228
A10: Wyoming, 2010 | B10: Wyoming | C10: 2010 | D10: 539266 | E10: 273830 | F10: 0.5077828 | G10: 265437 | H10: 0.49221905 | I10: 8427 | J10: 0.015626796 | K10: 65 | L10: 725 | M10: 0.003296975 | N10: 0.00086234154 | O10: 0.00075427106 | P10: 0.00085879911 | Q10: 0.00091317251 | R10: 0.00071858009 | S10: 0.00088944232 | T10: 0.0016260163 | U10: 0.0027296301 | V10: 0.0077133025 | W10: 0.00134442
A11: Wyoming, 2014 | B11: Wyoming | C11: 2014 | D11: 541920 | E11: 275971 | F11: 0.50924675 | G11: 265950 | H11: 0.49075509 | I11: 8443 | J11: 0.01557979 | K11: 60 | L11: 720 | M11: 0.0032963411 | N11: 0.00084060692 | O11: 0.00078652422 | P11: 0.00077780659 | Q11: 0.00092219729 | R11: 0.00082414186 | S11: 0.00082812306 | T11: 0.0014830561 | U11: 0.0027800945 | V11: 0.0071064787 | W11: 0.0013286094
A12: Wyoming, 2017 | B12: Wyoming | C12: 2017 | D12: 542494 | E12: 276381 | F12: 0.5094637 | G12: 266113 | H12: 0.4905363 | I12: 9074 | J12: 0.016726452 | K12: 72 | L12: 732 | M12: 0.0034701136 | N12: 0.00082882086 | O12: 0.0008014533 | P12: 0.00078009205 | Q12: 0.00091256141 | R12: 0.00090681014 | S12: 0.00080092908 | T12: 0.0013085865 | U12: 0.0027260336 | V12: 0.0079347587 | W12: 0.0013493237
A13: Vermont, 2012 | B13: Vermont | C13: 2012 | D13: 556597 | E13: 274147 | F13: 0.49254128 | G13: 282450 | H13: 0.50745872 | I13: 11293 | J13: 0.020289366 | K13: 60 | L13: 720 | M13: 0.0041580042 | N13: 0.00092519776 | O13: 0.00073732719 | P13: 0.00095767094 | Q13: 0.00086325967 | R13: 0.00067550832 | S13: 0.00076073589 | T13: 0.0013541267 | U13: 0.0022574213 | V13: 0.0053130258 | W13: 0.0012935751
... A460: California, 2016 | B460: California | C460: 2016 | D460: 38563005 | E460: 19149385 | F460: 0.49657398 | G460: 19413621 | H460: 0.50342604 | I460: 673571 | J460: 0.017466766 | K460: 2725 | L460: 6233 | M460: 4.812499e-05 | N460: 1.1843533e-05 | O460: 1.0901573e-05 | P460: 1.0534316e-05 | Q460: 1.7279195e-05 | R460: 3.6165217e-05 | S460: 0.00011364152 | T460: 0.00032735284 | U460: 0.00097507164 | V460: 0.0040456017 | W460: 0.00016163159

Sheet Flu Deaths 85+
A1: The Variance | D1: Standard Deviation
A2: It is the average of the squared differences of the data from the MEAN. | D2: It is the square root of VARIANCE
D3: EMPIRICAL RULE - PEARSON'S TEST
B4: MEAN for Flu Deaths | D4: Flu Deaths 85+ years | E4: symbol | F4: meaning | H4: Outliers
A5: Flu Deaths Not Stated | B5: =AVERAGE(Integrated[Flu Deaths Not Stated]) -> 60 | D5: =AVERAGE(Integrated[Flu Deaths 85+ years]) -> 476.54466 | E5: µ | F5: MEAN Pop | H5: MEAN | I5: =D5 -> 476.54466 | J5: =I5-I6 -> 156.54466 | K5: Right skew (Positive)
A6: Flu Deaths 5 to 14 years | B6: =AVERAGE(Integrated[Flu Deaths 5 to 14 years]) -> 60.010893 | D6: =_xlfn.VAR.S(Integrated[Flu Deaths 85+ years]) -> 293325.7 | E6: σ2 | F6: Variance | H6: MEDIAN | I6: =MEDIAN(Integrated[Flu Deaths 85+ years]) -> 320 | K6: mean>median>mode
A7: Flu Deaths 15 to 24 years | B7: =AVERAGE(Integrated[Flu Deaths 15 to 24 years]) -> 60.013072 | D7: =_xlfn.STDEV.S(Integrated[Flu Deaths 85+ years]) -> 541.59552 | E7: σ | F7: Standard Deviation | H7: MODE | I7: =MODE(Integrated[Flu Deaths 85+ years]) -> 60
A8: Flu Deaths 25 to 34 years | B8: =AVERAGE(Integrated[Flu Deaths 25 to 34 years]) -> 60.433551 | D8: =SQRT(D6) -> 541.59552 | E8: SQRT | F8: Square Root | H8: MIN | I8: =MIN(Integrated[Flu Deaths 85+ years]) -> 60
A9: Flu Deaths 35 to 44 years | B9: =AVERAGE(Integrated[Flu Deaths 35 to 44 years]) -> 61.714597 | D9: Empirical Rule range | H9: MAX | I9: =MAX(Integrated[Flu Deaths 85+ years]) -> 3264
A10: Flu Deaths 45 to 54 years | B10: =AVERAGE(Integrated[Flu Deaths 45 to 54 years]) -> 71.392157 | D10: =D5-D7 -> -65.050853 | E10: 1σ | F10: MEAN - Standard Dev | H10: RANGE | I10: =I9-I8 -> 3204
A11: Flu Deaths 55 to 64 years | B11: =AVERAGE(Integrated[Flu Deaths 55 to 64 years]) -> 103.06536 | D11: =D5+D7 -> 1018.1402 | F11: MEAN + Standard Dev
A12: Flu Deaths <5 years old | B12: =AVERAGE(Integrated[Flu Deaths <5 years old]) -> 120 | D12: 68% of all 85+ deaths will fall within 1σ
A13: Flu Deaths 65 to 74 years | B13: =AVERAGE(Integrated[Flu Deaths 65 to 74 years]) -> 151.30937 | D13: =D10-D7 -> -606.64637 | E13: 2σ | F13: MEAN - (Standard Dev x 2) | H13: Outlier Count
A14: Flu Deaths 75 to 84 years | B14: =AVERAGE(Integrated[Flu Deaths 75 to 84 years]) -> 268.94553 | D14: =D11+D7 -> 1559.7357 | F14: MEAN + (Standard Dev x 2) | H14: Q1 | I14: =_xlfn.QUARTILE.EXC(StudyDataS[Flu Deaths 85+ years],1) -> 126
A15: Flu Deaths 85+ years | B15: =AVERAGE(Integrated[Flu Deaths 85+ years]) -> 476.54466 | D15: 95% of all 85+ deaths will fall within 2σ | H15: Q3 | I15: =_xlfn.QUARTILE.EXC(StudyDataS[Flu Deaths 85+ years],3) -> 571
A16: Total Flu Deaths | B16: =AVERAGE(Integrated[Total Flu Deaths]) -> 1493.4292 | D16: =D13-D7 -> -1148.2419 | E16: 3σ | F16: MEAN - (Standard Dev x 3) | H16: IQR | I16: =I15-I14 -> 445
D17: =D14+D7 -> 2101.3312 | F17: MEAN + (Standard Dev x 3) | H17: UPPER | I17: =I15+(1.5*I16) -> 1238.5
D18: More than 2σ away from the mean are Outliers | H18: LOWER | I18: =I14-(1.5*I16) -> -541.5
D19: =D16-D7 -> -1689.8374 | E19: 4σ | F19: MEAN - (Standard Dev x 4)
D20: =D17+D7 -> 2642.9267 | F20: MEAN + (Standard Dev x 4)
D22: =D19-D7 -> -2231.4329 | E22: 5σ | F22: MEAN - (Standard Dev x 5)
D23: =D20+D7 -> 3184.5222 | F23: MEAN + (Standard Dev x 5)
D25: =D22-D7 -> -2773.0284 | E25: 6σ | F25: MEAN - (Standard Dev x 6)
D26: =D23+D7 -> 3726.1178 | F26: MEAN + (Standard Dev x 6)

Sheet Population 85+
B1: EMPIRICAL RULE - PEARSON'S TEST
A2: Population 85+ years | B2: symbol | C2: meaning | E2: Outliers
A3: =AVERAGE(Integrated[Population 85+ years]) -> 107962.09 | B3: µ | C3: MEAN Pop | E3: MEAN | F3: =A3 -> 107962.09 | G3: =F3-F4 -> 37529.087 | H3: Right skew (Positive)
A4: =_xlfn.VAR.S(Integrated[Population 85+ years]) -> 1.4972926e+10 | B4: σ2 | C4: Variance | E4: MEDIAN | F4: =MEDIAN(Integrated[Population 85+ years]) -> 70433 | H4: Mean>median>mode
A5: =_xlfn.STDEV.S(Integrated[Population 85+ years]) -> 122363.91 | B5: σ | C5: Standard Deviation | E5: MODE | F5: =MODE(Integrated[Population 85+ years]) -> 28283
A6: =SQRT(A4) -> 122363.91 | B6: SQRT | C6: Square Root | E6: MIN | F6: =MIN(Integrated[Population 85+ years]) -> 4236
A7: Empirical Rule range | E7: MAX | F7: =MAX(Integrated[Population 85+ years]) -> 680993
A8: =A3-A5 -> -14401.821 | B8: 1σ | C8: MEAN - Standard Dev | E8: RANGE | F8: =F7-F6 -> 676757
A9: =A3+A5 -> 230326 | C9: MEAN + Standard Dev
A10: 68% of all 85+ deaths will fall within 1σ | E10: Outlier Count
A11: =A8-A5 -> -136765.73 | B11: 2σ | C11: MEAN - (Standard Dev x 2) | E11: Q1 | F11: =_xlfn.QUARTILE.EXC(StudyDataS[Population 85+ years],1) -> 29633
A12: =A9+A5 -> 352689.9 | C12: MEAN + (Standard Dev x 2) | E12: Q3 | F12: =_xlfn.QUARTILE.EXC(StudyDataS[Population 85+ years],3) -> 117526
A13: 95% of all 85+ deaths will fall within 2σ | E13: IQR | F13: =F12-F11 -> 87893
A14: =A11-A5 -> -259129.64 | B14: 3σ | C14: MEAN - (Standard Dev x 3) | E14: UPPER | F14: =F12+(1.5*F13) -> 249365.5
A15: =A12+A5 -> 475053.81 | C15: MEAN + (Standard Dev x 3) | E15: LOWER | F15: =F11-(1.5*F13) -> -102206.5
B16: More than 2σ away from the mean are Outliers
A17: =A14-A5 -> -381493.54 | B17: 4σ | C17: MEAN - (Standard Dev x 4)
A18: =A15+A5 -> 597417.72 | C18: MEAN + (Standard Dev x 4)
A20: =A17-A5 -> -503857.45 | B20: 5σ | C20: MEAN - (Standard Dev x 5)
A21: =A18+A5 -> 719781.63 | C21: MEAN + (Standard Dev x 5)

Sheet Total Population
A1: Standard Deviation
A2: It is the square root of VARIANCE
A3: EMPIRICAL RULE - PEARSON'S TEST
A4: Total population | B4: symbol | C4: meaning | E4: Outliers
A5: =AVERAGE(StudyDataS[Total population]) -> 5973990.8 | B5: µ | C5: MEAN Pop | E5: MEAN | F5: 5973990.8 | G5: =F5-F6 -> 1894515.8 | H5: Right Skew
A6: =_xlfn.VAR.P(StudyDataS[Total population]) -> 4.6231614e+13 | B6: σ2 | C6: Variance | E6: MEDIAN | F6: 4079475 | H6: mean>median
A7: =_xlfn.STDEV.P(StudyDataS[Total population]) -> 6799383.3 | B7: σ | C7: Standard Deviation | E7: MODE | F7: =MODE(StudyDataS[Total population]) -> #N/A
A8: =SQRT(A6) -> 6799383.3 | B8: SQRT | C8: Square Root | E8: MIN | F8: =MIN(StudyDataS[Total population]) -> 490521
A9: Empirical Rule range | E9: MAX | F9: =MAX(StudyDataS[Total population]) -> 38563005
A10: =A5-A7 -> -825392.5 | B10: 1σ | C10: MEAN - Standard Dev | E10: RANGE | F10: =F9-F8 -> 38072484
A11: =A5+A7 -> 12773374 | C11: MEAN + Standard Dev | E11: Outlier Count
A12: 68% of all 85+ deaths will fall within 1σ | E12: Q1 | F12: =_xlfn.QUARTILE.EXC(StudyDataS[Total population],1) -> 1528820
A13: =A10-A7 -> -7624775.8 | B13: 2σ | C13: MEAN - (Standard Dev x 2) | E13: Q3 | F13: =_xlfn.QUARTILE.EXC(StudyDataS[Total population],3) -> 6741921
A14: =A11+A7 -> 19572757 | C14: MEAN + (Standard Dev x 2) | E14: IQR | F14: =F13-F12 -> 5213101
A15: 95% of all 85+ deaths will fall within 2σ | E15: UPPER | F15: =F13+(1.5*F14) -> 14561572
A16: =A13-A7 -> -14424159 | B16: 3σ | C16: MEAN - (Standard Dev x 3) | E16: LOWER | F16: =F12-(1.5*F14) -> -6290831.5
A17: =A14+A7 -> 26372141 | C17: MEAN + (Standard Dev x 3)
A18: More than 2σ away from the mean are Outliers
A19: =A16-A7 -> -21223542 | B19: 4σ | C19: MEAN - (Standard Dev x 4)
A20: =A17+A7 -> 33171524 | C20: MEAN + (Standard Dev x 4)
A22: =A19-A7 -> -28022926 | B22: 5σ | C22: MEAN - (Standard Dev x 5)
A23: =A20+A7 -> 39970907 | C23: MEAN + (Standard Dev x 5)
A25: =A22-A7 -> -34822309 | B25: 6σ | C25: MEAN - (Standard Dev x 6)
A26: =A23+A7 -> 46770291 | C26: MEAN + (Standard Dev x 6)

Sheet Pivot Deaths 85+
B3: Row Labels | C3: Average of Population 85+ years
B4: 60 | C4: 10132.108
B5: 65 | C5: 14312.333
B6: 66 | C6: 19330
B7: 67 | C7: 7753
B8: 70 | C8: 17600
B9: 71 | C9: 18863.25
B10: 72 | C10: 8474.5
B11: 75 | C11: 15361.667
B12: 76 | C12: 26119
B13: 77 | C13: 17825.5
B14: 83 | C14: 28283
B15: 84 | C15: 18412
... B343: 3264 | C343: 626696

Sheet Pivot Population 85+
B3: Row Labels | C3: Sum of Population 85+ years
B4: 4236 | C4: 4236
B5: 4336 | C5: 4336
B6: 4435 | C6: 4435
B7: 4652 | C7: 4652
B8: 5102 | C8: 5102
B9: 5165 | C9: 5165
B10: 5948 | C10: 5948
B11: 6285 | C11: 6285
B12: 6814 | C12: 6814
B13: 7753 | C13: 7753
B14: 7875 | C14: 7875
B15: 7891 | C15: 7891
... B461: 680993 | C461: 680993

Sheet Pivot Total Population
B3: Row Labels | C3: Sum of Flu Deaths 85+ years
B4: 490521 | C4: 60
B5: 500216 | C5: 67
B6: 501580 | C6: 60
B7: 501971 | C7: 60
B8: 511039 | C8: 60
B9: 519426 | C9: 65
B10: 532428 | C10: 72
B11: 532969 | C11: 60
B12: 539266 | C12: 65
B13: 541920 | C13: 60
B14: 542494 | C14: 72
B15: 556597 | C15: 60
... B462: 38563005 | C462: 2725
